<?xml version="1.0"?>
<?mso-application progid="Excel.Sheet"?>
<Workbook xmlns="urn:schemas-microsoft-com:office:spreadsheet"
 xmlns:o="urn:schemas-microsoft-com:office:office"
 xmlns:x="urn:schemas-microsoft-com:office:excel"
 xmlns:ss="urn:schemas-microsoft-com:office:spreadsheet"
 xmlns:html="http://www.w3.org/TR/REC-html40">
 <DocumentProperties xmlns="urn:schemas-microsoft-com:office:office">
  <Author>BRUNELIERE Hugo</Author>
  <LastAuthor>stagiaire</LastAuthor>
  <LastPrinted>2005-07-05T07:21:58Z</LastPrinted>
  <Created>2005-07-04T19:04:04Z</Created>
  <LastSaved>2005-07-04T19:29:11Z</LastSaved>
  <Company>HugoBoss</Company>
  <Version>11.5606</Version>
 </DocumentProperties>
 <ExcelWorkbook xmlns="urn:schemas-microsoft-com:office:excel">
  <WindowHeight>10830</WindowHeight>
  <WindowWidth>16335</WindowWidth>
  <WindowTopX>480</WindowTopX>
  <WindowTopY>45</WindowTopY>
  <ProtectStructure>False</ProtectStructure>
  <ProtectWindows>False</ProtectWindows>
 </ExcelWorkbook>
 <Styles>
  <Style ss:ID="Default" ss:Name="Normal">
   <Alignment ss:Vertical="Bottom"/>
   <Borders/>
   <Font/>
   <Interior/>
   <NumberFormat/>
   <Protection/>
  </Style>
  <Style ss:ID="m27493900">
   <Alignment ss:Horizontal="Left" ss:Vertical="Top"/>
   <Borders>
    <Border ss:Position="Bottom" ss:LineStyle="Continuous" ss:Weight="1"/>
    <Border ss:Position="Left" ss:LineStyle="Continuous" ss:Weight="1"/>
    <Border ss:Position="Right" ss:LineStyle="Continuous" ss:Weight="1"/>
    <Border ss:Position="Top" ss:LineStyle="Continuous" ss:Weight="1"/>
   </Borders>
   <Font x:Family="Swiss" ss:Bold="1"/>
  </Style>
  <Style ss:ID="m27493910">
   <Alignment ss:Horizontal="Left" ss:Vertical="Top"/>
   <Borders>
    <Border ss:Position="Bottom" ss:LineStyle="Continuous" ss:Weight="1"/>
    <Border ss:Position="Left" ss:LineStyle="Continuous" ss:Weight="1"/>
    <Border ss:Position="Right" ss:LineStyle="Continuous" ss:Weight="1"/>
    <Border ss:Position="Top" ss:LineStyle="Continuous" ss:Weight="1"/>
   </Borders>
   <Interior ss:Color="#C0C0C0" ss:Pattern="Solid"/>
  </Style>
  <Style ss:ID="s21">
   <Borders>
    <Border ss:Position="Bottom" ss:LineStyle="Continuous" ss:Weight="1"/>
    <Border ss:Position="Left" ss:LineStyle="Continuous" ss:Weight="1"/>
    <Border ss:Position="Right" ss:LineStyle="Continuous" ss:Weight="1"/>
    <Border ss:Position="Top" ss:LineStyle="Continuous" ss:Weight="1"/>
   </Borders>
  </Style>
  <Style ss:ID="s22">
   <Borders>
    <Border ss:Position="Bottom" ss:LineStyle="Continuous" ss:Weight="1"/>
    <Border ss:Position="Left" ss:LineStyle="Continuous" ss:Weight="1"/>
    <Border ss:Position="Right" ss:LineStyle="Continuous" ss:Weight="1"/>
    <Border ss:Position="Top" ss:LineStyle="Continuous" ss:Weight="1"/>
   </Borders>
   <Interior ss:Color="#C0C0C0" ss:Pattern="Solid"/>
  </Style>
  <Style ss:ID="s23">
   <Alignment ss:Horizontal="Center" ss:Vertical="Top" ss:WrapText="1"/>
   <Borders>
    <Border ss:Position="Bottom" ss:LineStyle="Continuous" ss:Weight="1"/>
    <Border ss:Position="Left" ss:LineStyle="Continuous" ss:Weight="1"/>
    <Border ss:Position="Right" ss:LineStyle="Continuous" ss:Weight="1"/>
    <Border ss:Position="Top" ss:LineStyle="Continuous" ss:Weight="1"/>
   </Borders>
  </Style>
  <Style ss:ID="s24">
   <Alignment ss:Horizontal="Center" ss:Vertical="Top"/>
   <Borders>
    <Border ss:Position="Bottom" ss:LineStyle="Continuous" ss:Weight="1"/>
    <Border ss:Position="Left" ss:LineStyle="Continuous" ss:Weight="1"/>
    <Border ss:Position="Right" ss:LineStyle="Continuous" ss:Weight="1"/>
    <Border ss:Position="Top" ss:LineStyle="Continuous" ss:Weight="1"/>
   </Borders>
  </Style>
  <Style ss:ID="s25">
   <Borders>
    <Border ss:Position="Bottom" ss:LineStyle="Continuous" ss:Weight="1"/>
    <Border ss:Position="Left" ss:LineStyle="Continuous" ss:Weight="1"/>
    <Border ss:Position="Right" ss:LineStyle="Continuous" ss:Weight="1"/>
    <Border ss:Position="Top" ss:LineStyle="Continuous" ss:Weight="1"/>
   </Borders>
   <Font x:Family="Swiss" ss:Bold="1"/>
  </Style>
  <Style ss:ID="s26">
   <Alignment ss:Horizontal="Center" ss:Vertical="Bottom"/>
   <Borders>
    <Border ss:Position="Bottom" ss:LineStyle="Continuous" ss:Weight="1"/>
    <Border ss:Position="Left" ss:LineStyle="Continuous" ss:Weight="1"/>
    <Border ss:Position="Right" ss:LineStyle="Continuous" ss:Weight="1"/>
    <Border ss:Position="Top" ss:LineStyle="Continuous" ss:Weight="1"/>
   </Borders>
   <Font x:Family="Swiss" ss:Bold="1"/>
   <NumberFormat ss:Format="Short Date"/>
  </Style>
  <Style ss:ID="s27">
   <Alignment ss:Horizontal="Center" ss:Vertical="Top"/>
   <Borders>
    <Border ss:Position="Bottom" ss:LineStyle="Continuous" ss:Weight="1"/>
    <Border ss:Position="Left" ss:LineStyle="Continuous" ss:Weight="1"/>
    <Border ss:Position="Right" ss:LineStyle="Continuous" ss:Weight="1"/>
    <Border ss:Position="Top" ss:LineStyle="Continuous" ss:Weight="1"/>
   </Borders>
   <Font x:Family="Swiss" ss:Bold="1"/>
  </Style>
  <Style ss:ID="s28">
   <Alignment ss:Horizontal="Center" ss:Vertical="Top"/>
   <Borders>
    <Border ss:Position="Bottom" ss:LineStyle="Continuous" ss:Weight="1"/>
    <Border ss:Position="Left" ss:LineStyle="Continuous" ss:Weight="1"/>
    <Border ss:Position="Right" ss:LineStyle="Continuous" ss:Weight="1"/>
    <Border ss:Position="Top" ss:LineStyle="Continuous" ss:Weight="1"/>
   </Borders>
   <Font x:Family="Swiss" ss:Bold="1"/>
   <Interior ss:Color="#969696" ss:Pattern="Solid"/>
  </Style>
  <Style ss:ID="s33">
   <Alignment ss:Horizontal="Left" ss:Vertical="Bottom"/>
   <Borders>
    <Border ss:Position="Left" ss:LineStyle="Continuous" ss:Weight="1"/>
    <Border ss:Position="Right" ss:LineStyle="Continuous" ss:Weight="1"/>
    <Border ss:Position="Top" ss:LineStyle="Continuous" ss:Weight="1"/>
   </Borders>
   <Interior ss:Color="#C0C0C0" ss:Pattern="Solid"/>
  </Style>
  <Style ss:ID="s34">
   <Borders>
    <Border ss:Position="Bottom" ss:LineStyle="Continuous" ss:Weight="1"/>
    <Border ss:Position="Left" ss:LineStyle="Continuous" ss:Weight="1"/>
    <Border ss:Position="Right" ss:LineStyle="Continuous" ss:Weight="1"/>
   </Borders>
  </Style>
 </Styles>
 <Worksheet ss:Name="SoftwareQualityControl">
  <Table ss:ExpandedColumnCount="11" ss:ExpandedRowCount="45" x:FullColumns="1"
   x:FullRows="1" ss:DefaultColumnWidth="60">
   <Column ss:AutoFitWidth="0" ss:Width="90.75"/>
   <Column ss:AutoFitWidth="0" ss:Width="96"/>
   <Column ss:AutoFitWidth="0" ss:Width="219"/>
   <Column ss:Index="5" ss:AutoFitWidth="0" ss:Width="85.5"/>
   <Column ss:AutoFitWidth="0" ss:Width="69"/>
   <Column ss:AutoFitWidth="0" ss:Width="180"/>
   <Row>
    <Cell ss:StyleID="s22"><Data ss:Type="String">Control Responsible</Data></Cell>
    <Cell ss:StyleID="s25"><Data ss:Type="String">Andrey Sadovykh</Data></Cell>
    <Cell ss:Index="5" ss:StyleID="s33"><Data ss:Type="String">Controlled element</Data></Cell>
    <Cell ss:Index="7" ss:StyleID="s33"><Data ss:Type="String">Form reference</Data></Cell>
   </Row>
   <Row>
    <Cell ss:StyleID="s22"><Data ss:Type="String">Type of control</Data></Cell>
    <Cell ss:StyleID="s25"><Data ss:Type="String">Bug Tracking</Data></Cell>
    <Cell ss:Index="5" ss:StyleID="s34"/>
    <Cell ss:Index="7" ss:StyleID="s34"/>
    <Cell ss:Index="11"><Data ss:Type="String">status List</Data></Cell>
   </Row>
   <Row>
    <Cell ss:MergeDown="1" ss:StyleID="m27493910"><Data ss:Type="String">Component</Data></Cell>
    <Cell ss:MergeDown="1" ss:StyleID="m27493900"><Data ss:Type="String">Adapter</Data></Cell>
    <Cell ss:Index="5" ss:StyleID="s33"><Data ss:Type="String">Element reference</Data></Cell>
   </Row>
   <Row ss:AutoFitHeight="0" ss:Height="13.5">
    <Cell ss:Index="5" ss:StyleID="s34"/>
    <Cell ss:Index="11"><Data ss:Type="String">open</Data></Cell>
   </Row>
   <Row>
    <Cell ss:StyleID="s22"><Data ss:Type="String">Development phase</Data></Cell>
    <Cell ss:StyleID="s25"><Data ss:Type="String">V0</Data></Cell>
    <Cell ss:Index="5" ss:StyleID="s33"><Data ss:Type="String">Author of element</Data></Cell>
    <Cell ss:Index="11"><Data ss:Type="String">closed</Data></Cell>
   </Row>
   <Row>
    <Cell ss:StyleID="s22"><Data ss:Type="String">Control scope</Data></Cell>
    <Cell ss:StyleID="s25"><Data ss:Type="String">Exhaustive</Data></Cell>
    <Cell ss:Index="5" ss:StyleID="s34"/>
   </Row>
   <Row>
    <Cell ss:StyleID="s22"><Data ss:Type="String">Control date</Data></Cell>
    <Cell ss:StyleID="s26"><Data ss:Type="DateTime">2005-06-24T00:00:00.000</Data></Cell>
    <Cell ss:Index="11"><Data ss:Type="String">skipped</Data></Cell>
   </Row>
   <Row ss:Index="9" ss:AutoFitHeight="0" ss:Height="25.5">
    <Cell ss:StyleID="s28"><Data ss:Type="String">Bug #</Data></Cell>
    <Cell ss:StyleID="s28"><Data ss:Type="String">Component Version</Data></Cell>
    <Cell ss:StyleID="s28"><Data ss:Type="String">Bug Description</Data></Cell>
    <Cell ss:StyleID="s28"><Data ss:Type="String">Status</Data></Cell>
    <Cell ss:StyleID="s28"><Data ss:Type="String">Originator</Data></Cell>
    <Cell ss:StyleID="s28"><Data ss:Type="String">Responsible</Data></Cell>
    <Cell ss:StyleID="s28"><Data ss:Type="String">Comments/Answers</Data></Cell>
    <Cell ss:StyleID="s28"><Data ss:Type="String">Open Date</Data></Cell>
    <Cell ss:StyleID="s28"><Data ss:Type="String">Close Date</Data></Cell>
   </Row>
   <Row>
    <Cell ss:StyleID="s21"/>
    <Cell ss:StyleID="s21"/>
    <Cell ss:StyleID="s21"/>
    <Cell ss:StyleID="s21"/>
    <Cell ss:StyleID="s21"/>
    <Cell ss:StyleID="s21"/>
    <Cell ss:StyleID="s21"/>
    <Cell ss:StyleID="s21"/>
    <Cell ss:StyleID="s21"/>
   </Row>
   <Row ss:AutoFitHeight="0" ss:Height="128.25">
    <Cell ss:StyleID="s27"><Data ss:Type="Number">1</Data></Cell>
    <Cell ss:StyleID="s27"><Data ss:Type="String">V0 Beta</Data></Cell>
    <Cell ss:StyleID="s23"><Data ss:Type="String">A consumer sends a UML2 Model to a provider. The Service Description defines the service as having a single input parameter of Model type with a Metaclass specification of &quot;Model&quot; taken from UML2.ecore. At the provider end a Hashmap is presented to the provider containing each of the elements of the model in flattened state. This makes it unusable by the provider which excepts the model it maintain it's original containment semantics and hierarchy.</Data></Cell>
    <Cell ss:StyleID="s24"><Data ss:Type="String">open</Data></Cell>
    <Cell ss:StyleID="s24"><Data ss:Type="String">D Kelsey, IBM UK</Data></Cell>
    <Cell ss:StyleID="s24"/>
    <Cell ss:StyleID="s24"><Data ss:Type="String">This is a simple comment to illustrate this example.</Data></Cell>
    <Cell ss:StyleID="s27"><Data ss:Type="String">1st July 05</Data></Cell>
    <Cell ss:StyleID="s24"/>
   </Row>
   <Row>
    <Cell ss:StyleID="s21"/>
    <Cell ss:StyleID="s21"/>
    <Cell ss:StyleID="s21"/>
    <Cell ss:StyleID="s21"/>
    <Cell ss:StyleID="s21"/>
    <Cell ss:StyleID="s21"/>
    <Cell ss:StyleID="s21"/>
    <Cell ss:StyleID="s21"/>
    <Cell ss:StyleID="s21"/>
   </Row>
   <Row>
    <Cell ss:StyleID="s21"/>
    <Cell ss:StyleID="s21"/>
    <Cell ss:StyleID="s21"/>
    <Cell ss:StyleID="s21"/>
    <Cell ss:StyleID="s21"/>
    <Cell ss:StyleID="s21"/>
    <Cell ss:StyleID="s21"/>
    <Cell ss:StyleID="s21"/>
    <Cell ss:StyleID="s21"/>
   </Row>
   <Row>
    <Cell ss:StyleID="s21"/>
    <Cell ss:StyleID="s21"/>
    <Cell ss:StyleID="s21"/>
    <Cell ss:StyleID="s21"/>
    <Cell ss:StyleID="s21"/>
    <Cell ss:StyleID="s21"/>
    <Cell ss:StyleID="s21"/>
    <Cell ss:StyleID="s21"/>
    <Cell ss:StyleID="s21"/>
   </Row>
   <Row>
    <Cell ss:StyleID="s21"/>
    <Cell ss:StyleID="s21"/>
    <Cell ss:StyleID="s21"/>
    <Cell ss:StyleID="s21"/>
    <Cell ss:StyleID="s21"/>
    <Cell ss:StyleID="s21"/>
    <Cell ss:StyleID="s21"/>
    <Cell ss:StyleID="s21"/>
    <Cell ss:StyleID="s21"/>
   </Row>
   <Row>
    <Cell ss:StyleID="s21"/>
    <Cell ss:StyleID="s21"/>
    <Cell ss:StyleID="s21"/>
    <Cell ss:StyleID="s21"/>
    <Cell ss:StyleID="s21"/>
    <Cell ss:StyleID="s21"/>
    <Cell ss:StyleID="s21"/>
    <Cell ss:StyleID="s21"/>
    <Cell ss:StyleID="s21"/>
   </Row>
   <Row>
    <Cell ss:StyleID="s21"/>
    <Cell ss:StyleID="s21"/>
    <Cell ss:StyleID="s21"/>
    <Cell ss:StyleID="s21"/>
    <Cell ss:StyleID="s21"/>
    <Cell ss:StyleID="s21"/>
    <Cell ss:StyleID="s21"/>
    <Cell ss:StyleID="s21"/>
    <Cell ss:StyleID="s21"/>
   </Row>
   <Row>
    <Cell ss:StyleID="s21"/>
    <Cell ss:StyleID="s21"/>
    <Cell ss:StyleID="s21"/>
    <Cell ss:StyleID="s21"/>
    <Cell ss:StyleID="s21"/>
    <Cell ss:StyleID="s21"/>
    <Cell ss:StyleID="s21"/>
    <Cell ss:StyleID="s21"/>
    <Cell ss:StyleID="s21"/>
   </Row>
   <Row>
    <Cell ss:StyleID="s21"/>
    <Cell ss:StyleID="s21"/>
    <Cell ss:StyleID="s21"/>
    <Cell ss:StyleID="s21"/>
    <Cell ss:StyleID="s21"/>
    <Cell ss:StyleID="s21"/>
    <Cell ss:StyleID="s21"/>
    <Cell ss:StyleID="s21"/>
    <Cell ss:StyleID="s21"/>
   </Row>
   <Row>
    <Cell ss:StyleID="s21"/>
    <Cell ss:StyleID="s21"/>
    <Cell ss:StyleID="s21"/>
    <Cell ss:StyleID="s21"/>
    <Cell ss:StyleID="s21"/>
    <Cell ss:StyleID="s21"/>
    <Cell ss:StyleID="s21"/>
    <Cell ss:StyleID="s21"/>
    <Cell ss:StyleID="s21"/>
   </Row>
   <Row>
    <Cell ss:StyleID="s21"/>
    <Cell ss:StyleID="s21"/>
    <Cell ss:StyleID="s21"/>
    <Cell ss:StyleID="s21"/>
    <Cell ss:StyleID="s21"/>
    <Cell ss:StyleID="s21"/>
    <Cell ss:StyleID="s21"/>
    <Cell ss:StyleID="s21"/>
    <Cell ss:StyleID="s21"/>
   </Row>
   <Row>
    <Cell ss:StyleID="s21"/>
    <Cell ss:StyleID="s21"/>
    <Cell ss:StyleID="s21"/>
    <Cell ss:StyleID="s21"/>
    <Cell ss:StyleID="s21"/>
    <Cell ss:StyleID="s21"/>
    <Cell ss:StyleID="s21"/>
    <Cell ss:StyleID="s21"/>
    <Cell ss:StyleID="s21"/>
   </Row>
   <Row>
    <Cell ss:StyleID="s21"/>
    <Cell ss:StyleID="s21"/>
    <Cell ss:StyleID="s21"/>
    <Cell ss:StyleID="s21"/>
    <Cell ss:StyleID="s21"/>
    <Cell ss:StyleID="s21"/>
    <Cell ss:StyleID="s21"/>
    <Cell ss:StyleID="s21"/>
    <Cell ss:StyleID="s21"/>
   </Row>
   <Row>
    <Cell ss:StyleID="s21"/>
    <Cell ss:StyleID="s21"/>
    <Cell ss:StyleID="s21"/>
    <Cell ss:StyleID="s21"/>
    <Cell ss:StyleID="s21"/>
    <Cell ss:StyleID="s21"/>
    <Cell ss:StyleID="s21"/>
    <Cell ss:StyleID="s21"/>
    <Cell ss:StyleID="s21"/>
   </Row>
   <Row>
    <Cell ss:StyleID="s21"/>
    <Cell ss:StyleID="s21"/>
    <Cell ss:StyleID="s21"/>
    <Cell ss:StyleID="s21"/>
    <Cell ss:StyleID="s21"/>
    <Cell ss:StyleID="s21"/>
    <Cell ss:StyleID="s21"/>
    <Cell ss:StyleID="s21"/>
    <Cell ss:StyleID="s21"/>
   </Row>
   <Row>
    <Cell ss:StyleID="s21"/>
    <Cell ss:StyleID="s21"/>
    <Cell ss:StyleID="s21"/>
    <Cell ss:StyleID="s21"/>
    <Cell ss:StyleID="s21"/>
    <Cell ss:StyleID="s21"/>
    <Cell ss:StyleID="s21"/>
    <Cell ss:StyleID="s21"/>
    <Cell ss:StyleID="s21"/>
   </Row>
   <Row>
    <Cell ss:StyleID="s21"/>
    <Cell ss:StyleID="s21"/>
    <Cell ss:StyleID="s21"/>
    <Cell ss:StyleID="s21"/>
    <Cell ss:StyleID="s21"/>
    <Cell ss:StyleID="s21"/>
    <Cell ss:StyleID="s21"/>
    <Cell ss:StyleID="s21"/>
    <Cell ss:StyleID="s21"/>
   </Row>
   <Row>
    <Cell ss:StyleID="s21"/>
    <Cell ss:StyleID="s21"/>
    <Cell ss:StyleID="s21"/>
    <Cell ss:StyleID="s21"/>
    <Cell ss:StyleID="s21"/>
    <Cell ss:StyleID="s21"/>
    <Cell ss:StyleID="s21"/>
    <Cell ss:StyleID="s21"/>
    <Cell ss:StyleID="s21"/>
   </Row>
   <Row>
    <Cell ss:StyleID="s21"/>
    <Cell ss:StyleID="s21"/>
    <Cell ss:StyleID="s21"/>
    <Cell ss:StyleID="s21"/>
    <Cell ss:StyleID="s21"/>
    <Cell ss:StyleID="s21"/>
    <Cell ss:StyleID="s21"/>
    <Cell ss:StyleID="s21"/>
    <Cell ss:StyleID="s21"/>
   </Row>
   <Row>
    <Cell ss:StyleID="s21"/>
    <Cell ss:StyleID="s21"/>
    <Cell ss:StyleID="s21"/>
    <Cell ss:StyleID="s21"/>
    <Cell ss:StyleID="s21"/>
    <Cell ss:StyleID="s21"/>
    <Cell ss:StyleID="s21"/>
    <Cell ss:StyleID="s21"/>
    <Cell ss:StyleID="s21"/>
   </Row>
   <Row>
    <Cell ss:StyleID="s21"/>
    <Cell ss:StyleID="s21"/>
    <Cell ss:StyleID="s21"/>
    <Cell ss:StyleID="s21"/>
    <Cell ss:StyleID="s21"/>
    <Cell ss:StyleID="s21"/>
    <Cell ss:StyleID="s21"/>
    <Cell ss:StyleID="s21"/>
    <Cell ss:StyleID="s21"/>
   </Row>
   <Row>
    <Cell ss:StyleID="s21"/>
    <Cell ss:StyleID="s21"/>
    <Cell ss:StyleID="s21"/>
    <Cell ss:StyleID="s21"/>
    <Cell ss:StyleID="s21"/>
    <Cell ss:StyleID="s21"/>
    <Cell ss:StyleID="s21"/>
    <Cell ss:StyleID="s21"/>
    <Cell ss:StyleID="s21"/>
   </Row>
   <Row>
    <Cell ss:StyleID="s21"/>
    <Cell ss:StyleID="s21"/>
    <Cell ss:StyleID="s21"/>
    <Cell ss:StyleID="s21"/>
    <Cell ss:StyleID="s21"/>
    <Cell ss:StyleID="s21"/>
    <Cell ss:StyleID="s21"/>
    <Cell ss:StyleID="s21"/>
    <Cell ss:StyleID="s21"/>
   </Row>
   <Row>
    <Cell ss:StyleID="s21"/>
    <Cell ss:StyleID="s21"/>
    <Cell ss:StyleID="s21"/>
    <Cell ss:StyleID="s21"/>
    <Cell ss:StyleID="s21"/>
    <Cell ss:StyleID="s21"/>
    <Cell ss:StyleID="s21"/>
    <Cell ss:StyleID="s21"/>
    <Cell ss:StyleID="s21"/>
   </Row>
   <Row>
    <Cell ss:StyleID="s21"/>
    <Cell ss:StyleID="s21"/>
    <Cell ss:StyleID="s21"/>
    <Cell ss:StyleID="s21"/>
    <Cell ss:StyleID="s21"/>
    <Cell ss:StyleID="s21"/>
    <Cell ss:StyleID="s21"/>
    <Cell ss:StyleID="s21"/>
    <Cell ss:StyleID="s21"/>
   </Row>
   <Row>
    <Cell ss:StyleID="s21"/>
    <Cell ss:StyleID="s21"/>
    <Cell ss:StyleID="s21"/>
    <Cell ss:StyleID="s21"/>
    <Cell ss:StyleID="s21"/>
    <Cell ss:StyleID="s21"/>
    <Cell ss:StyleID="s21"/>
    <Cell ss:StyleID="s21"/>
    <Cell ss:StyleID="s21"/>
   </Row>
   <Row>
    <Cell ss:StyleID="s21"/>
    <Cell ss:StyleID="s21"/>
    <Cell ss:StyleID="s21"/>
    <Cell ss:StyleID="s21"/>
    <Cell ss:StyleID="s21"/>
    <Cell ss:StyleID="s21"/>
    <Cell ss:StyleID="s21"/>
    <Cell ss:StyleID="s21"/>
    <Cell ss:StyleID="s21"/>
   </Row>
   <Row>
    <Cell ss:StyleID="s21"/>
    <Cell ss:StyleID="s21"/>
    <Cell ss:StyleID="s21"/>
    <Cell ss:StyleID="s21"/>
    <Cell ss:StyleID="s21"/>
    <Cell ss:StyleID="s21"/>
    <Cell ss:StyleID="s21"/>
    <Cell ss:StyleID="s21"/>
    <Cell ss:StyleID="s21"/>
   </Row>
   <Row>
    <Cell ss:StyleID="s21"/>
    <Cell ss:StyleID="s21"/>
    <Cell ss:StyleID="s21"/>
    <Cell ss:StyleID="s21"/>
    <Cell ss:StyleID="s21"/>
    <Cell ss:StyleID="s21"/>
    <Cell ss:StyleID="s21"/>
    <Cell ss:StyleID="s21"/>
    <Cell ss:StyleID="s21"/>
   </Row>
   <Row>
    <Cell ss:StyleID="s21"/>
    <Cell ss:StyleID="s21"/>
    <Cell ss:StyleID="s21"/>
    <Cell ss:StyleID="s21"/>
    <Cell ss:StyleID="s21"/>
    <Cell ss:StyleID="s21"/>
    <Cell ss:StyleID="s21"/>
    <Cell ss:StyleID="s21"/>
    <Cell ss:StyleID="s21"/>
   </Row>
   <Row>
    <Cell ss:StyleID="s21"/>
    <Cell ss:StyleID="s21"/>
    <Cell ss:StyleID="s21"/>
    <Cell ss:StyleID="s21"/>
    <Cell ss:StyleID="s21"/>
    <Cell ss:StyleID="s21"/>
    <Cell ss:StyleID="s21"/>
    <Cell ss:StyleID="s21"/>
    <Cell ss:StyleID="s21"/>
   </Row>
   <Row>
    <Cell ss:StyleID="s21"/>
    <Cell ss:StyleID="s21"/>
    <Cell ss:StyleID="s21"/>
    <Cell ss:StyleID="s21"/>
    <Cell ss:StyleID="s21"/>
    <Cell ss:StyleID="s21"/>
    <Cell ss:StyleID="s21"/>
    <Cell ss:StyleID="s21"/>
    <Cell ss:StyleID="s21"/>
   </Row>
   <Row>
    <Cell ss:StyleID="s21"/>
    <Cell ss:StyleID="s21"/>
    <Cell ss:StyleID="s21"/>
    <Cell ss:StyleID="s21"/>
    <Cell ss:StyleID="s21"/>
    <Cell ss:StyleID="s21"/>
    <Cell ss:StyleID="s21"/>
    <Cell ss:StyleID="s21"/>
    <Cell ss:StyleID="s21"/>
   </Row>
   <Row>
    <Cell ss:StyleID="s21"/>
    <Cell ss:StyleID="s21"/>
    <Cell ss:StyleID="s21"/>
    <Cell ss:StyleID="s21"/>
    <Cell ss:StyleID="s21"/>
    <Cell ss:StyleID="s21"/>
    <Cell ss:StyleID="s21"/>
    <Cell ss:StyleID="s21"/>
    <Cell ss:StyleID="s21"/>
   </Row>
   <Row>
    <Cell ss:StyleID="s21"/>
    <Cell ss:StyleID="s21"/>
    <Cell ss:StyleID="s21"/>
    <Cell ss:StyleID="s21"/>
    <Cell ss:StyleID="s21"/>
    <Cell ss:StyleID="s21"/>
    <Cell ss:StyleID="s21"/>
    <Cell ss:StyleID="s21"/>
    <Cell ss:StyleID="s21"/>
   </Row>
  </Table>
  <WorksheetOptions xmlns="urn:schemas-microsoft-com:office:excel">
   <PageSetup>
    <Header x:Margin="0.4921259845"/>
    <Footer x:Margin="0.4921259845"/>
    <PageMargins x:Bottom="0.984251969" x:Left="0.78740157499999996"
     x:Right="0.78740157499999996" x:Top="0.984251969"/>
   </PageSetup>
   <Print>
    <ValidPrinterInfo/>
    <PaperSizeIndex>9</PaperSizeIndex>
    <HorizontalResolution>204</HorizontalResolution>
    <VerticalResolution>196</VerticalResolution>
   </Print>
   <Selected/>
   <Panes>
    <Pane>
     <Number>3</Number>
     <ActiveRow>13</ActiveRow>
     <ActiveCol>4</ActiveCol>
    </Pane>
   </Panes>
   <ProtectObjects>False</ProtectObjects>
   <ProtectScenarios>False</ProtectScenarios>
  </WorksheetOptions>
 </Worksheet>
</Workbook>
