<!--
 How to configure this ant script:
	Run as->Ant Build...
		Set:
			- Base directory
			- Run in same JRE
			- Refresh
			- Give correct ant-contrib.jar path
-->

<project name="atlantMeasure" default="atlantMeasure">
	<!-- Give correct ant-contrib.jar path -->
	<taskdef resource="net/sf/antcontrib/antlib.xml">
	</taskdef>
	
	<property name="km3MetaModel" value="KM3"/>
	<property name="measureMetaModel" value="Measure"/>
	<property name="tableMetaModel" value="Table"/>
	<property name="htmlMetaModel" value="HTML"/>
	<property name="svgMetaModel" value="SVG"/>
	<property name="xmlMetaModel" value="XML"/>
	<property name="metamodelsPath" value="Metamodels/"/>
	<property name="inputModelsPath" value="InputModels/"/>
	<property name="outputModelsPath" value="OutputModels/Merge/"/>
	<property name="mergeModel" value="merge-${measureMetaModel}.ecore"/>
	
	<target name="atlantMeasure" depends="loadModels_AtlantMeasure">		
		<for param="e">
		  <path>
		    <fileset dir="${inputModelsPath}" includes="*.km3"/>
		  </path>
		  <sequential>
			<antcall target="transformOne_AtlantMeasure" inheritall="true" inheritrefs="true">
				<param name="sample" value="@{e}"/>
			</antcall>
		  </sequential>
		</for>
		<antcall target="transformMerge_AtlantMeasure" inheritall="true" inheritrefs="true"/>
	</target>
	
	<!-- parameters: sample -->
	<target name="transformOne_AtlantMeasure">
		<basename property="name" file="${sample}" suffix=".km3"/>
		<property name="km3Model" value="${name}-${km3MetaModel}.ecore"/>
		<property name="measureModel" value="${name}-${measureMetaModel}.ecore"/>

		<!-- Inject input model, save it and reload it -->
		<am3.loadModel modelHandler="EMF" name="${km3Model}" metamodel="KM3" path="${inputModelsPath}${name}.km3">
			<injector name="ebnf">
				<param name="name" value="KM3"/>
			</injector>
		</am3.loadModel>

		<!-- Perform measures on KM3 metamodel -->
		<echo message="Perform measures on ${name} metamodel"/>
		<am3.atl path="Transformations/${km3MetaModel}2${measureMetaModel}.atl">
			<inModel name="${km3MetaModel}" model="${km3MetaModel}"/>
			<inModel name="IN" model="${km3Model}"/>
			<inModel name="${measureMetaModel}" model="${measureMetaModel}"/>
			<outModel name="OUT" model="${measureModel}" metamodel="${measureMetaModel}"/>
		</am3.atl>
		
		<!-- Merge previous measurement data with new measurement data from new a metamodel -->
		<am3.loadModel modelHandler="EMF" name="old_${mergeModel}" metamodel="${measureMetaModel}" path="${inputModelsPath}${mergeModel}"/>
		<am3.atl path="Transformations/RefineAndMergeMeasure.atl">
			<inModel name="${measureMetaModel}" model="${measureMetaModel}"/>
			<inModel name="IN1" model="${measureModel}"/>
			<inModel name="IN2" model="old_${mergeModel}"/>
			<outModel name="OUT" model="${mergeModel}" metamodel="${measureMetaModel}"/>
		</am3.atl>
		<am3.saveModel model="${mergeModel}" path="${inputModelsPath}${mergeModel}"/>
	</target>

	<target name="transformMerge_AtlantMeasure">
		<property name="tableModel" value="merge-${tableMetaModel}.ecore"/>
		<property name="tabularHtmlModel" value="merge-Tabular${htmlMetaModel}.ecore"/>
		<property name="svgBarChartModel" value="merge-${svgMetaModel}BarChart.ecore"/>
		<property name="svgPieChartModel" value="merge-${svgMetaModel}PieChart.ecore"/>
		<property name="xmlModel" value="merge-${xmlMetaModel}.ecore"/>
		
		<!-- Export measurement data on generic table representation -->
		<am3.loadModel modelHandler="EMF" name="${mergeModel}" metamodel="${measureMetaModel}" path="${inputModelsPath}${mergeModel}"/>
		<echo message="Export merged measurement data into generic table representation"/>
		<am3.atl path="Transformations/${measureMetaModel}2${tableMetaModel}.atl">
			<inModel name="${measureMetaModel}" model="${measureMetaModel}"/>
			<inModel name="IN" model="${mergeModel}"/>
			<inModel name="${tableMetaModel}" model="${tableMetaModel}"/>
			<outModel name="OUT" model="${tableModel}" metamodel="${tableMetaModel}"/>
		</am3.atl>

		<!-- TabularHTML output -->
		<echo message="Measurement data for merge metamodel stored in merge-Tabular${htmlMetaModel}.html"/>
		<am3.atl path="Transformations/${tableMetaModel}2Tabular${htmlMetaModel}.atl">
			<inModel name="${tableMetaModel}" model="${tableMetaModel}"/>
			<inModel name="IN" model="${tableModel}"/>
			<inModel name="${htmlMetaModel}" model="${htmlMetaModel}"/>
			<outModel name="OUT" model="${tabularHtmlModel}" metamodel="${htmlMetaModel}"/>
		</am3.atl>
		<am3.atl path="Transformations/${htmlMetaModel}2${xmlMetaModel}.atl">
			<inModel name="${htmlMetaModel}" model="${htmlMetaModel}"/>
			<inModel name="IN" model="${tabularHtmlModel}"/>
			<inModel name="${xmlMetaModel}" model="${xmlMetaModel}"/>
			<outModel name="OUT" model="${xmlModel}" metamodel="${xmlMetaModel}"/>
		</am3.atl>		
		<am3.saveModel model="${xmlModel}" path="${outputModelsPath}merge-Tabular${htmlMetaModel}.html">
			<extractor name="xml"/>
		</am3.saveModel>

		<!-- SVGBarChart output -->
		<echo message="Measurement data for merge metamodel stored in merge-${svgMetaModel}BarChart.svg"/>
		<am3.atl path="Transformations/${tableMetaModel}2${svgMetaModel}BarChart.atl">
			<inModel name="${tableMetaModel}" model="${tableMetaModel}"/>
			<inModel name="IN" model="${tableModel}"/>
			<inModel name="${svgMetaModel}" model="${svgMetaModel}"/>
			<outModel name="OUT" model="${svgBarChartModel}" metamodel="${svgMetaModel}"/>
		</am3.atl>
		<am3.atl path="Transformations/${svgMetaModel}2${xmlMetaModel}.atl">
			<inModel name="${svgMetaModel}" model="${svgMetaModel}"/>
			<inModel name="IN" model="${svgBarChartModel}"/>
			<inModel name="${xmlMetaModel}" model="${xmlMetaModel}"/>
			<outModel name="OUT" model="${xmlModel}" metamodel="${xmlMetaModel}"/>
		</am3.atl>		
		<am3.saveModel model="${xmlModel}" path="${outputModelsPath}merge-${svgMetaModel}BarChart.svg">
			<extractor name="xml"/>
		</am3.saveModel>

		<!-- SVGPieChart output -->
		<echo message="Measurement data for merge metamodel stored in merge-${svgMetaModel}PieChart.svg"/>
		<am3.atl path="Transformations/${tableMetaModel}2${svgMetaModel}PieChart.atl">
			<inModel name="${tableMetaModel}" model="${tableMetaModel}"/>
			<inModel name="IN" model="${tableModel}"/>
			<inModel name="${svgMetaModel}" model="${svgMetaModel}"/>
			<outModel name="OUT" model="${svgPieChartModel}" metamodel="${svgMetaModel}"/>
		</am3.atl>
		<am3.atl path="Transformations/${svgMetaModel}2${xmlMetaModel}.atl">
			<inModel name="${svgMetaModel}" model="${svgMetaModel}"/>
			<inModel name="IN" model="${svgPieChartModel}"/>
			<inModel name="${xmlMetaModel}" model="${xmlMetaModel}"/>
			<outModel name="OUT" model="${xmlModel}" metamodel="${xmlMetaModel}"/>
		</am3.atl>		
		<am3.saveModel model="${xmlModel}" path="${outputModelsPath}merge-${svgMetaModel}PieChart.svg">
			<extractor name="xml"/>
		</am3.saveModel>
	</target>

	<target name="loadModels_AtlantMeasure">
		<!-- Load KM3 metamodel -->
		<am3.loadModel modelHandler="EMF" name="KM3" metamodel="MOF" nsUri="http://www.eclipse.org/gmt/2005/KM3"/>
		
		<!-- Inject Measure metamodel and transform it to ECORE and save it -->
		<am3.loadModel modelHandler="EMF" name="${measureMetaModel}-KM3" metamodel="KM3" path="${metamodelsPath}${measureMetaModel}.km3">
			<injector name="ebnf">
				<param name="name" value="KM3"/>
			</injector>
		</am3.loadModel>
		<am3.atl path="Transformations/KM32EMF.atl">
			<inModel name="KM3" model="KM3"/>
			<inModel name="IN" model="${measureMetaModel}-KM3"/>
			<inModel name="MOF" model="%EMF"/>
			<outModel name="OUT" model="${measureMetaModel}" metamodel="%EMF"/>
		</am3.atl>
		<am3.saveModel model="${measureMetaModel}" path="${metamodelsPath}${measureMetaModel}.ecore"/>

		<!-- Load all metamodels -->
		<am3.loadModel modelHandler="EMF" name="${measureMetaModel}" metamodel="MOF" path="${metamodelsPath}${measureMetaModel}.ecore"/>
		<am3.loadModel modelHandler="EMF" name="${tableMetaModel}" metamodel="MOF" path="${metamodelsPath}${tableMetaModel}.ecore"/>
		<am3.loadModel modelHandler="EMF" name="${htmlMetaModel}" metamodel="MOF" path="${metamodelsPath}${htmlMetaModel}.ecore"/>
		<am3.loadModel modelHandler="EMF" name="${svgMetaModel}" metamodel="MOF" path="${metamodelsPath}${svgMetaModel}.ecore"/>
		<am3.loadModel modelHandler="EMF" name="${xmlMetaModel}" metamodel="MOF" path="${metamodelsPath}${xmlMetaModel}.ecore"/>
		
		<!-- Start with an empty old merge model -->
		<copy file="${inputModelsPath}emptyMerge-Measure.ecore" tofile="${inputModelsPath}${mergeModel}" overwrite="true"/>
	</target>	
</project>