<?xml version="1.0"?>
<!--
	Author: Frédéric Jouault
-->
<project name="QVTCompiler" default="main">
	<property name="sample" value="Book2Publication"/>
	<property name="source" value="/QVT2ATLVM/Samples/${sample}/${sample}.ecore"/>
  	<basename property="basename" file="${source}" suffix=".ecore"/>
  	<dirname property="dirname" file="${source}"/>
	<property name="target" value="${dirname}/${basename}.asm"/>
	
	<target name="main" depends="Compile">
		<am3.loadModel modelHandler="EMF" name="BOOKS" metamodel="MOF" path="/QVT2ATLVM/Samples/Book2Publication/BOOKS.ecore" />

		<am3.loadModel modelHandler="EMF" name="myBOOKS" metamodel="BOOKS" path="/QVT2ATLVM/Samples/Book2Publication/My.books"/>

		<am3.loadModel modelHandler="EMF" name="PUB" metamodel="MOF" path="/QVT2ATLVM/Samples/Book2Publication/PUB.ecore" />

		<am3.atl path="${target}" >
			<inModel name="bookModel" model="myBOOKS"/>
			<inModel name="BOOK" model="BOOKS"/>
			<inModel name="PUB" model="PUB"/>
			<outModel name="pubModel" model="myPUB" metamodel="PUB"/>
		</am3.atl>

		<am3.saveModel model="myPUB" path="/QVT2ATLVM/Samples/Book2Publication/My.pub" />
	</target>

	<target name="Compile">
		<am3.loadModel modelHandler="EMF" name="QVT" metamodel="MOF" path="/QVT2ATLVM/Metamodel/QVT.ecore" />

		<am3.loadModel modelHandler="EMF" name="myQVT" metamodel="QVT" path="${source}"/>
		
		<!-- Load Problem metamodel -->
		<am3.loadModel modelHandler="EMF" name="Problem" metamodel="MOF" path="/AMMACore/KM3/Problem/Problem.ecore" />
		
		<am3.atl path="/QVT2ATLVM/Compiler/QVT.asm" >
			<inModel name="IN" model="myQVT"/>
			<inModel name="QVT" model="QVT"/>
			<inModel name="Problem" model="Problem"/>
			<outModel name="OUT" model="myProblem" metamodel="Problem"/>
			<param name="WriteTo" value="${workspace_loc}${target}"/>
		</am3.atl>
		
		<eclipse.refreshLocal resource="QVT2ATLVM" depth="infinite"/>
	</target>	
</project>
